,Наявність,"Опт, $","Дроп, грн"
Годинники Olevs,,,
,,,
Годинник Olevs 2856 Black Natural,Очікуються,15,630
Годинник Olevs 2856 Blue Natural,Очікуються,15,630
Годинник Olevs 2856 Gray Natural,Очікуються,15,630
Годинник Olevs 2858 Black,В наявності,14,600
Годинник Olevs 2858 Black Accents,В наявності,14,600
Годинник Olevs 2858 Black Natural,В наявності,14,600
Годинник Olevs 2858 Blue Accents,В наявності,14,600
Годинник Olevs 2858 Blue Natural,В наявності,14,600
Годинник Olevs 2858 Gold,В наявності,14,600
Годинник Olevs 2858 White Accents,В наявності,14,600
Годинник Olevs 2858 White Natural,В наявності,14,600
Годинник Olevs 2859 Black Accents,В наявності,15,630
"Годинник Olevs 2859 Black case, black dial",В наявності,15,630
"Годинник Olevs 2859 Black case, blue dial",В наявності,15,630
Годинник Olevs 2859 Blue Accents,В наявності,15,630
Годинник Olevs 2859 Gold,В наявності,15,630
Годинник Olevs 2859 White Accents,В наявності,15,630
Годинник Olevs 2870 Black,Очікуються,15,630
Годинник Olevs 2870 Black Natural,Очікуються,15,630
Годинник Olevs 2870 Blue Accents,В наявності,15,630
Годинник Olevs 2870 Gold,Очікуються,15,630
Годинник Olevs 2870 Green Accents,Очікуються,15,630
Годинник Olevs 2870 Green Natural,Очікуються,15,630
Годинник Olevs 2943 Black Natural,В наявності,12,500
Годинник Olevs 2943 Gray Natural,В наявності,12,500
Годинник Olevs 2943 White Accents,В наявності,12,500
Годинник Olevs 2943 White Natural,В наявності,12,500
Годинник Olevs 3628 Black Accents,В наявності,14,600
Годинник Olevs 3628 White Accents,В наявності,14,600
Годинник Olevs 3628 White Natural,В наявності,14,600
Годинник Olevs 3655 Black Natural,В наявності,14,600
Годинник Olevs 3655 Gold,В наявності,14,600
Годинник Olevs 3655 White Accents,В наявності,14,600
Годинник Olevs 3655 White Natural,В наявності,14,600
Годинник Olevs 5536 Rose Blue,В наявності,14,600
Годинник Olevs 5536 Rose Gold,В наявності,14,600
Годинник Olevs 5536 Rose Green,В наявності,14,600
Годинник Olevs 5536 Rose White,В наявності,14,600
Годинник Olevs 5885 Black,В наявності,14,600
Годинник Olevs 5885 Black Accents,В наявності,14,600
Годинник Olevs 5885 Black Natural,Очікуються,14,600
Годинник Olevs 5885 Blue Natural,В наявності,14,600
Годинник Olevs 5885 Gold,В наявності,14,600
Годинник Olevs 5885 Green Accents,Очікуються,14,600
Годинник Olevs 5885 Green Natural,Очікуються,14,600
Годинник Olevs 5885 White Natural,В наявності,14,600
Годинник Olevs 9809 Black Accents,В наявності,12,500
Годинник Olevs 9809 Black Natural,В наявності,12,500
Годинник Olevs 9809 Blue Accents,В наявності,12,500
Годинник Olevs 9809 Gold,В наявності,12,500
Годинник Olevs 9809 Green Accents,В наявності,12,500
Годинник Olevs 9809 Green Natural,В наявності,12,500
Годинник Olevs 9809 Red Natural,В наявності,12,500
,,,
"Маркери, фломастери",,,
,,,
"Маркер GuangNa Acrylic brush marker GN.8101 12шт		",В наявності,"3,8",170
Маркер GuangNa Acrylic brush marker GN.8101 24шт                ,Очікуються,"7,4",320
Маркер GuangNa Acrylic brush marker GN.8101 36шт                ,Очікуються,11,480
Маркер GuangNa Acrylic brush marker GN.8101 48шт                ,Очікуються,"14,5",630
Маркер GuangNa Acrylic brush marker GN.8101 60шт              ,Очікуються,18,770
Маркер GuangNa Acrylic brush marker GN.8101 72шт               ,Очікуються,"21,5",920
Маркер GuangNa Acrylic brush marker GN.8101 100шт                ,Очікуються,30,1280
Маркер GuangNa Acrylic brush marker GN.8101 120шт                ,Очікуються,36,1500
Маркер GuangNa Acrylic brush marker GN.8101 168шт                ,Очікуються,48,2000
Маркер GuangNa Acrylic brush marker GN.8101 200шт                ,Очікуються,58,2450
Маркер GuangNa Acrylic brush marker GN.8101 240шт                ,Очікуються,67,2800
Маркер GuangNa Acrylic brush marker GN.8101 288шт                ,Очікуються,79,3320
"Маркер Acrylic Painter CH-1011 12шт	",В наявності,"3,8",170
Маркер Acrylic Painter CH-1011 24шт       ,Очікуються,"7,5",320
Маркер Acrylic Painter CH-1011 36шт       ,Очікуються,11,460
"Маркер GuangNa Acrylic Marker GN.7100 12шт	",В наявності,4,180
Маркер GuangNa Acrylic Marker GN.7100 24шт        ,В наявності,"7,5",330
Маркер GuangNa Acrylic Marker GN.7100 36шт        ,В наявності,"11,5",500
Маркер GuangNa Acrylic Marker GN.7100 48шт        ,Очікуються,"14,5",620
Маркер GuangNa Acrylic Marker GN.7100 60шт        ,Очікуються,17,730
Маркер GuangNa Acrylic Marker GN.7100 100шт        ,Очікуються,29,1240
Маркер Скетч 24шт,В наявності,"1,7",80
Маркер Скетч 30шт,В наявності,"2,2",100
Маркер Скетч 36шт,В наявності,"2,5",110
Маркер Скетч 48шт,В наявності,"3,3",150
Маркер Скетч 60шт,В наявності,4,180
Маркер Скетч 80шт,В наявності,"5,4",240
Маркер Скетч 100шт,В наявності,"6,7",300
Маркер Скетч 120шт,В наявності,8,360
Маркер Скетч 168шт,В наявності,11,480
Маркер Скетч 204шт,В наявності,"15,5",700
Маркер Скетч 262шт,В наявності,20,900
,,,
Комплекти,,,
,,,
A58Plus (годинник + аксесуари) Золотий,В наявності,10,450
A58Plus (годинник + аксесуари) Сірий,В наявності,10,450
A58Plus (годинник + аксесуари) Чорний,В наявності,10,450
D21 Чорний,Очікуються,12,530
D21 Сірий,Очікуються,12,530
D21 Коричневий,Очікуються,12,530
M103 Чорний,Очікуються,13,550
M103 Сірий,Очікуються,13,550
M103 Золотий,В наявності,13,550
Wk76 Чорний,В наявності,13,550
Wk76 Сірий,В наявності,13,550
Wk76 Рожевий,В наявності,13,550
i50 suit max Чорний (годинник+годинник),В наявності,14,600
i50 suit max Білий (годинник+годинник),В наявності,14,600
i50 suit max Рожевий(годинник+годинник),В наявності,14,600
i60 suit extreme Чорний (навушники+годинник+годинник),В наявності,15,650
i60 suit extreme Білий (навушники+годинник+годинник),В наявності,15,650
i60 suit extreme Рожевий (навушники+годинник+годинник),В наявності,15,650
X8Plus Чорний (навушники+годинник+телефон+павербанк),В наявності,20,850
X8Plus Білий (навушники+годинник+телефон+павербанк),В наявності,20,850
X8Plus Помаранчевий (навушники+годинник+телефон+павербанк),В наявності,20,850
T55 Pro Max (годинник+навушники) Чорний,В наявності,8,350
T55 Pro Max (годинник+навушники) Рожевий,В наявності,8,350
T55 Pro Max (годинник+навушники) Білий,В наявності,8,350
Infinity (годинник+навушники) Чорний ,В наявності,9,400
Infinity (годинник+навушники) Білий ,В наявності,9,400
Infinity (годинник+навушники) Рожевий ,В наявності,9,400
Watch9 suit (годинник+навушники) Чорний ,В наявності,9,400
Watch9 suit (годинник+навушники) Білий,В наявності,9,400
Watch9 suit (годинник+навушники) Помаранчевий,В наявності,9,400
Megabox Чорний (годинник+навушники+павербанк),Очікуються,16,700
Megabox Білий (годинник+навушники+павербанк),Очікуються,16,700
Megabox Рожевий (годинник+навушники+павербанк),В наявності,16,700
DT1000 (годинник+навушники+павербанк) Чорний,В наявності,16,700
DT1000 (годинник+навушники+павербанк) Білий ,В наявності,16,700
DT1000 (годинник+навушники+павербанк) Помаранчевий ,В наявності,16,700
,,,
Смарт-годинники,,,
,,,
GS9mini Чорний,В наявності,15,650
GS9mini Білий,Очікуються,15,650
GS9mini Рожевий,В наявності,15,650
GS9mini Золотий,Очікуються,15,650
S9Max Чорний,В наявності,"5,5",250
S9Max Білий,В наявності,"5,5",250
S9Max Рожевий,В наявності,"5,5",250
S9Pro Чорний,В наявності,5,230
S9Pro Білий,В наявності,5,230
S9Pro Рожевий,В наявності,5,230
T900 Ultra Чорний,В наявності,5,230
T900 Ultra Білий,В наявності,5,230
T900 Ultra Помаранчевий,В наявності,5,230
S8 Ultra Чорний,В наявності,10,450
S8 Ultra Білий,В наявності,10,450
S8 Ultra Помаранчевий,В наявності,10,450
T900 Pro Max Чорний,В наявності,5,230
T900 Pro Max Рожевий,В наявності,5,230
T900 Pro Max Білий,В наявності,5,230
GT9 Ultra Чорний,В наявності,5,230
GT9 Ultra Помаранчевий,В наявності,5,230
GT9 Ultra Білий,В наявності,5,230
D20 (Y68) Чорний,В наявності,3,140
D20 (Y68) Рожевий,В наявності,3,140
D20 (Y68) Білий,В наявності,3,140
D20S (Y68S) Чорний,В наявності,3,140
D20S (Y68S) Рожевий,В наявності,3,140
D20S (Y68S) Білий,В наявності,3,140
D20S (Y68S) Жовтий,В наявності,3,140
D20S (Y68S) Синій,В наявності,3,140
D20S (Y68S) Зелений,В наявності,3,140
D20S (Y68S) Блакитний,В наявності,3,140
D20S (Y68S) Сірий,В наявності,3,140
D18 Чорний,В наявності,3,140
D18 Червоний,В наявності,3,140
D18 Синій,В наявності,3,140
D18 Бузковий,В наявності,3,140
D18 Зелений,В наявності,3,140
T800 Pro Max Чорний,В наявності,5,230
T800 Pro Max Рожевий,В наявності,5,230
T800 Pro Max Білий,В наявності,5,230
G3 Pro Чорний,В наявності,18,800
G3 Pro Рожевий,В наявності,18,800
G3 Pro Сірий,В наявності,18,800
M30 Чорний,В наявності,24,1050
М30 Сірий,В наявності,24,1050
M30 Рожевий,Очікуються,24,1050
GS8 Max Чорний,Очікуються,15,650
GS8 Max Рожевий,В наявності,15,650
GS8 Max Сірий,В наявності,15,650
GS8 Pro Max Чорний,В наявності,15,650
GS8 Pro Max Рожевий,В наявності,15,650
GS8 Pro Max Сірий,В наявності,15,650
GS8 Mini Чорний,В наявності,15,650
GS8 Mini Рожевий,В наявності,15,650
GS8 Mini Золотий,В наявності,15,650
GS8 Mini Сірий,В наявності,15,650
GS Ultra8 Чорний,В наявності,16,700
GS Ultra8 Помаранчевий,В наявності,16,700
GS Ultra8 Білий,В наявності,16,700
GS8+ Ultra Чорний,В наявності,14,650
GS8+ Ultra Помаранчевий,В наявності,14,650
GS8+ Ultra Білий,В наявності,14,650
GS7 Pro Max Чорний,Очікуються,15,650
GS7 Pro Max Рожевий,В наявності,15,650
GS7 Pro Max Сірий,В наявності,15,650
T500Plus Чорний,В наявності,5,230
T500Plus Рожевий,В наявності,5,230
T500Plus Білий,В наявності,5,230
T500 Чорний,В наявності,5,230
T500 Рожевий,В наявності,5,230
T500 Білий,В наявності,5,230
i7 Pro Max Чорний,Очікуються,5,230
i7 Pro Max Рожевий,Очікуються,5,230
i7 Pro Max Білий,В наявності,5,230
X7 Чорний,В наявності,"4,5",230
X7 Рожевий,В наявності,"4,5",230
X7 Білий,В наявності,"4,5",230
Z36 Чорний,В наявності,8,350
Z36 Рожевий,В наявності,8,350
Z36 Білий,В наявності,8,350
M7 Plus Чорний,Очікуються,10,450
M7 Plus Рожевий,В наявності,10,450
M7 Plus Сірий,В наявності,10,450
M16 Plus Чорний,Очікуються,10,450
M16 Plus Рожевий,В наявності,10,450
M16 Plus Сірий,В наявності,10,450
M6,В наявності,3,150
M7,В наявності,3,150
M8,В наявності,3,150
W26 Чорний,В наявності,14,600
W26 Рожевий,В наявності,14,600
W26 Білий,В наявності,14,600
T80S Чорний,В наявності,16,670
T80S Рожевий,Очікуються,16,670
T80S Білий,Очікуються,16,670
A1 Чорний,В наявності,5,230
A1 Білий,В наявності,5,230
A1 Рожевий,В наявності,5,230
A1 Зелений,В наявності,5,230
A1 Блакитний,В наявності,5,230
A1 Червоний,В наявності,5,230
,,,
Дитячі Смарт-годинники,,,
,,,
Q12 Синій,В наявності,8,360
Q12 Рожевий,В наявності,8,360
Q15 Синій,В наявності,8,360
Q15 Рожевий,В наявності,8,360
Q15 Чорний,В наявності,8,360
Q16 Синій,В наявності,8,360
Q16 Рожевий,В наявності,8,360
Q19 Зелений,В наявності,8,360
Q19 Рожевий,В наявності,8,360
Q19 Червоний,В наявності,8,360
Q20 Синій,В наявності,"9,5",430
Q20 Рожевий,В наявності,"9,5",430
Q20 Чорний,В наявності,"9,5",430
Q529 Синій,В наявності,15,650
Q529 Рожевий,В наявності,15,650
Q529 Жовтий,В наявності,15,650
,,,
Бездротові Навушники,,,
,,,
K10,В наявності,5,230
K40,В наявності,"4,9",220
F9,В наявності,"2,5",120
X15,В наявності,"2,7",130
M10,В наявності,"2,7",130
M19,В наявності,"3,8",170
M21,В наявності,10,440
M25,В наявності,"3,4",150
M41,Очікуються,"3,8",170
M45,В наявності,8,350
M90,В наявності,3,140
G11,В наявності,"2,4",110
Pro6,В наявності,"2,5",110
Pro50,В наявності,4,180
Pro60,В наявності,"3,8",170
G9s,В наявності,"4,7",210
Y50,В наявності,"3,5",160
Y80,В наявності,"4,3",190
A6s,В наявності,"2,5",110
N35,В наявності,"4,5",200
N21,В наявності,"4,9",220
SP16,В наявності,"5,8",250
T7500,В наявності,"3,9",180
X55,В наявності,"2,7",120
F05,В наявності,"6,7",290
YD03,В наявності,"5,1",230
M28 Чорні,В наявності,4,200
Навушники з вушками STN-28 чорні,В наявності,"5,5",250
Навушники з вушками STN-28 сині,В наявності,"5,5",250
Навушники з вушками STN-28 рожеві,В наявності,"5,5",250
Навушники з вушками STN-28 зелені,В наявності,"5,5",250
Навушники з вушками STN-28 бузкові,В наявності,"5,5",250
Навушники з вушками P47M чорні,В наявності,"3,8",180
Навушники з вушками P47M сині,В наявності,"3,8",180
Навушники з вушками P47M зелені,В наявності,"3,8",180
Навушники з вушками P47M рожеві,В наявності,"3,8",180
Навушники з вушками P47M сірі,В наявності,"3,8",180
Навушники з вушками P47M бузькові,В наявності,"3,8",180
Навушники з вушками VIV-23M чорні,В наявності,"4,5",210
Навушники з вушками VIV-23M сині,В наявності,"4,5",210
Навушники з вушками VIV-23M бузкові,В наявності,"4,5",210
Навушники з вушками VIV-23M рожеві,В наявності,"4,5",210
Навушники з вушками VIV-23M зелені,В наявності,"4,5",210
Air31 білі,В наявності,"2,7",140
Air31 чорні,В наявності,"2,7",140
Air31 рожеві,Очікуються,"2,7",140
Air31 сині,Очікуються,"2,7",140
Air31 зелені,В наявності,"2,7",140
Air3 Macaroon Білий,Очікуються,4,200
Air3 Macaroon Чорний,Очікуються,4,200
Air3 Macaroon Рожевий,В наявності,4,200
Air3 Macaroon Синій,Очікуються,4,200
Air3 Macaroon Зелений,Очікуються,4,200
Air3 Macaroon Жовтий,Очікуються,4,200
i12 Білий,Очікуються,"2,5",150
i12 Чорний,В наявності,"2,5",150
Inpods Білий,В наявності,"2,5",150
Inpods Чорний,В наявності,"2,5",150
Inpods Рожевий,В наявності,"2,5",150
Inpods Зелений,В наявності,"2,5",150
Inpods Блакитний,В наявності,"2,5",150
Inpods Синій,В наявності,"2,5",150
Inpods Жовтий,В наявності,"2,5",150
Inpods Сірий,В наявності,"2,5",150
Inpods Червоний,В наявності,"2,5",150
Pro Macaroon Білий,Очікуються,4,200
Pro Macaroon Чорний,Очікуються,4,200
Pro Macaroon Рожевий,В наявності,4,200
Pro Macaroon Синій,Очікуються,4,200
Pro Macaroon Зелений,Очікуються,4,200
Pro Macaroon Жовтий,В наявності,4,200
E7S Чорний,В наявності,5,230
E7S Рожевий,В наявності,5,230
E7S Білий,В наявності,5,230
E7S Синій,В наявності,5,230
E7S Зелений,В наявності,5,230
E8S Чорний,В наявності,5,230
E8S Рожевий,В наявності,5,230
E8S Білий,В наявності,5,230
E8S Зелений,В наявності,5,230
E8S Бузковий,Очікуються,5,230
E8S Жовтий,В наявності,5,230
K10 Чорний,В наявності,5,230
K20 Чорний,В наявності,5,230
K20 Рожевий,В наявності,5,230
K20 Білий,В наявності,5,230
K20 Зелений,В наявності,5,230
P47 Чорний,В наявності,"3,5",160
P47 Білий,В наявності,"3,5",160
P47 Червоний,В наявності,"3,5",160
P47 Синій,В наявності,"3,5",160
P47 Зелений,В наявності,"3,5",160
i100,В наявності,5,230
i200,В наявності,"5,5",250
,,,
Світильники,,,
,,,
Світильник Луна 8см,В наявності,5,220
Світильник Луна 10см,В наявності,"5,5",240
Світильник Луна 12см,В наявності,"6,2",270
Світильник Луна 15см,В наявності,"7,5",320
Світильник Луна 18см,В наявності,"9,5",420
Світильник Астронавт (сидячий білий),В наявності,6,260
Світильник Астронавт (сидячий чорний),В наявності,6,260
Світильник Астронавт (стоячий білий),В наявності,7,350
,,,
Адаптери,,,
,,,
Wifi адаптер,В наявності,"1,5",80
Bluetooth адаптер,В наявності,"1,3",70
,,,
Чохли для навушників,,,
,,,
Чохол Airpods2 №1 (Чорний),В наявності,"0,5",30
Чохол Airpods2 №2 (Синій),В наявності,"0,5",30
Чохол Airpods2 №3 (Темно-бузьковий),В наявності,"0,5",30
Чохол Airpods2 №4 (Сірий),В наявності,"0,5",30
Чохол Airpods2 №5 (Блакитний),В наявності,"0,5",30
Чохол Airpods2 №6 (Темно-зелений),В наявності,"0,5",30
Чохол Airpods2 №7 (Зелений),В наявності,"0,5",30
Чохол Airpods2 №8 (М'ятний),В наявності,"0,5",30
Чохол Airpods2 №9 (Фіолетовий),В наявності,"0,5",30
Чохол Airpods2 №10 (Рожевий),В наявності,"0,5",30
Чохол Airpods2 №11 (Помаранчевий),В наявності,"0,5",30
Чохол Airpods2 №12 (Жовтий),В наявності,"0,5",30
Чохол Airpods2 №13 (Прозорий),В наявності,"0,5",30
Чохол Airpods2 №14 (Білий),В наявності,"0,5",30
Чохол Airpods2 №15 (Червоний),В наявності,"0,5",30
Чохол Pro №1 (Чорний),Очікуються,"0,6",30
Чохол Pro №2 (Сірий),Очікуються,"0,6",30
Чохол Pro №3 (Синій),В наявності,"0,6",30
Чохол Pro №4 (Темно-бузьковий),В наявності,"0,6",30
Чохол Pro №5 (Темно-зелений),В наявності,"0,6",30
Чохол Pro №6 (Бузковий),В наявності,"0,6",30
Чохол Pro №7 (М'ятний),В наявності,"0,6",30
Чохол Pro №8 (Жовтий),В наявності,"0,6",30
Чохол Pro №9 (Рожевий),В наявності,"0,6",30
Чохол Pro №10 (Білий),В наявності,"0,6",30
Чохол Pro №11 (Прозорий),В наявності,"0,6",30
Чохол Pro №12 (Червоний),Очікуються,"0,6",30
Чохол Airpods3 №1 (Чорний),В наявності,"0,6",30
Чохол Airpods3 №2 (Синій),В наявності,"0,6",30
Чохол Airpods3 №3 (Сірий),В наявності,"0,6",30
Чохол Airpods3 №4 (Темно-бузьковий),В наявності,"0,6",30
Чохол Airpods3 №5 (Темно-зелений),В наявності,"0,6",30
Чохол Airpods3 №6 (Бузковий),В наявності,"0,6",30
Чохол Airpods3 №7 (Червоний),В наявності,"0,6",30
Чохол Airpods3 №8 (М'ятний),В наявності,"0,6",30
Чохол Airpods3 №9 (Рожевий),Очікуються,"0,6",30
Чохол Airpods3 №10 (Прозорий),В наявності,"0,6",30
Чохол Airpods3 №11 (Білий),В наявності,"0,6",30
Чохол Airpods3 №12 (Жовтий),В наявності,"0,6",30
,,,
Ремінці,,,
,,,
Силіконовий ремінець 44/45mm (№1 чорний),В наявності,1,50
Силіконовий ремінець 44/45mm (№2 білий),В наявності,1,50
Силіконовий ремінець 44/45mm (№3 рожевий),В наявності,1,50
Силіконовий ремінець 44/45mm (№4 темно-синій),Очікуються,1,50
Силіконовий ремінець 44/45mm (№5 жовтий),В наявності,1,50
Силіконовий ремінець 44/45mm (№6 темно-зелений),В наявності,1,50
Силіконовий ремінець 44/45mm (№7 червоний),В наявності,1,50
Силіконовий ремінець 44/45mm (№8 помаранчевий),В наявності,1,50
Силіконовий ремінець 44/45mm (№9 блакитний),В наявності,1,50
Силіконовий ремінець 44/45mm (№10 синій ),В наявності,1,50
Силіконовий ремінець 44/45mm (№11 маренго),В наявності,1,50
Силіконовий ремінець 44/45mm (№12 ліловий),В наявності,1,50
Силіконовий ремінець 44/45mm (№13 фіолетовий),В наявності,1,50
Силіконовий ремінець 44/45mm (№14 ярко-рожевий),В наявності,1,50
Силіконовий ремінець 44/45mm (№15 м'ятний),В наявності,1,50
Силіконовий ремінець 44/45mm (№16 світло-сірий),Очікуються,1,50
Силіконовий ремінець 44/45mm (№17 зелений),В наявності,1,50
Силіконовий ремінець 44/45mm (№18 хакі),В наявності,1,50
Силіконовий ремінець 44/45mm (№19 бузковий),В наявності,1,50
Силіконовий ремінець 44/45mm (№20 бордовий),В наявності,1,50
Силіконовий ремінець 38mm (№1 чорний),В наявності,1,50
Силіконовий ремінець 38mm (№2 білий),В наявності,1,50
Силіконовий ремінець 38mm (№3 рожевий),В наявності,1,50
Силіконовий ремінець 38mm (№4 темно-синій),Очікуються,1,50
Силіконовий ремінець 38mm (№5 жовтий),В наявності,1,50
Силіконовий ремінець 38mm (№6 темно-зелений),В наявності,1,50
Силіконовий ремінець 38mm (№7 червоний),В наявності,1,50
Силіконовий ремінець 38mm (№8 помаранчевий),В наявності,1,50
Силіконовий ремінець 38mm (№9 блакитний),В наявності,1,50
Силіконовий ремінець 38mm (№10 синій),В наявності,1,50
Силіконовий ремінець 38mm (№11 маренго),В наявності,1,50
Силіконовий ремінець 38mm (№12 ліловий),Очікуються,1,50
Силіконовий ремінець 38mm (№13 фіолетовий),В наявності,1,50
Силіконовий ремінець 38mm (№14 ярко-рожевий),В наявності,1,50
Силіконовий ремінець 38mm (№15 м'ятний),В наявності,1,50
Силіконовий ремінець 38mm (№16 світло-сірий),Очікуються,1,50
Силіконовий ремінець 38mm (№17 зелений),В наявності,1,50
Силіконовий ремінець 38mm (№18 хакі),В наявності,1,50
Силіконовий ремінець 38mm (№19 бузковий),В наявності,1,50
Силіконовий ремінець 38mm (№20 бордовий),В наявності,1,50
Силіконовий ремінець ultra 44/45/49mm (№1 чорний),В наявності,1,50
Силіконовий ремінець ultra 44/45/49mm (№2 білий),В наявності,1,50
Силіконовий ремінець ultra 44/45/49mm (№3 рожевий),В наявності,1,50
Силіконовий ремінець ultra 44/45/49mm (№4 темно-синій),В наявності,1,50
Силіконовий ремінець ultra 44/45/49mm (№5 жовтий),В наявності,1,50
Силіконовий ремінець ultra 44/45/49mm (№6 зелений),В наявності,1,50
Силіконовий ремінець ultra 44/45/49mm (№7 червоний),В наявності,1,50
Силіконовий ремінець ultra 44/45/49mm (№8 помаранчевий),В наявності,1,50
Силіконовий ремінець ultra 44/45/49mm (№9 блакитний),В наявності,1,50
Силіконовий ремінець ultra 44/45/49mm (№10 синій),В наявності,1,50
Силіконовий ремінець ultra 44/45/49mm (№11 асфальтовий),В наявності,1,50
Силіконовий ремінець ultra 44/45/49mm (№12 ліловий),В наявності,1,50
Силіконовий ремінець ultra 44/45/49mm (№13 бузковий),В наявності,1,50
Силіконовий ремінець ultra 44/45/49mm (№14 бордовий),В наявності,1,50
Силіконовий ремінець ultra 44/45/49mm (№15 гранатовий),В наявності,1,50
Силіконовий ремінець ultra 44/45/49mm (№16 світло-сірий),Очікуються,1,50
Силіконовий ремінець ultra 44/45/49mm (№17 світло-зелений),В наявності,1,50
Силіконовий ремінець ultra 44/45/49mm (№18 хакі),В наявності,1,50
Ремінець металевий міланська петля 44/45mm (№1 Рожевий),В наявності,2,100
Ремінець металевий міланська петля 44/45mm (№2 Червоний),В наявності,2,100
Ремінець металевий міланська петля 44/45mm (№4 Хамелеон),В наявності,2,100
Ремінець металевий міланська петля 44/45mm (№5 Рожеве золото),В наявності,2,100
Ремінець металевий міланська петля 44/45mm (№9 Бузковий),В наявності,2,100
Ремінець металевий міланська петля 44/45mm (№10 Срібло),В наявності,2,100
Ремінець металевий міланська петля 44/45mm (№14 Чорно-червоний),В наявності,2,100
Ремінець металевий міланська петля 44/45mm (№15 Зелений),В наявності,2,100
Ремінець металевий міланська петля 44/45mm (№16 Темно-синій),В наявності,2,100
Ремінець металевий міланська петля 44/45mm (№17 Чорний),В наявності,2,100
Ремінець металевий міланська петля 44/45mm (№21 Фіолетовий),В наявності,2,100
Ремінець металевий міланська петля 44/45mm (№22 Бронзовий),В наявності,2,100
Ремінець металевий міланська петля 44/45mm (№26 Жовтий),В наявності,2,100
Ремінець металевий міланська петля 44/45mm (№27 Світло-синій),В наявності,2,100
Ремінець силіконовий M5/M6/M7   №1,В наявності,"0,3",20
Ремінець силіконовий M5/M6/M7   №2,В наявності,"0,3",20
Ремінець силіконовий M5/M6/M7   №3,В наявності,"0,3",20
Ремінець силіконовий M5/M6/M7   №4,В наявності,"0,3",20
Ремінець силіконовий M5/M6/M7   №5,Очікуються,"0,3",20
Ремінець силіконовий M5/M6/M7   №6,Очікуються,"0,3",20
Ремінець силіконовий M5/M6/M7   №7,В наявності,"0,3",20
Ремінець силіконовий M5/M6/M7   №8,Очікуються,"0,3",20
Ремінець силіконовий M5/M6/M7   №9,В наявності,"0,3",20
Ремінець силіконовий M5/M6/M7   №10,В наявності,"0,3",20
Ремінець силіконовий M5/M6/M7   №11,В наявності,"0,3",20
Ремінець силіконовий M5/M6/M7   №12,В наявності,"0,3",20
Ремінець силіконовий M5/M6/M7   №13,В наявності,"0,3",20
Ремінець силіконовий M5/M6/M7   №14,Очікуються,"0,3",20
Ремінець силіконовий M5/M6/M7   №15,В наявності,"0,3",20
Ремінець силіконовий M5/M6/M7   №16,В наявності,"0,3",20
Ремінець силіконовий M5/M6/M7   №17,В наявності,"0,3",20
Ремінець силіконовий M5/M6/M7   №18,Очікуються,"0,3",20
Ремінець силіконовий M5/M6/M7   №19,В наявності,"0,3",20
Ремінець силіконовий M5/M6/M7   №20,В наявності,"0,3",20
Ремінець силіконовий M5/M6/M7   №21,В наявності,"0,3",20
Ремінець силіконовий M5/M6/M7   №22,В наявності,"0,3",20
Ремінець силіконовий M5/M6/M7   №23,В наявності,"0,3",20
Ремінець силіконовий M5/M6/M7   №24,В наявності,"0,3",20
Ремінець силіконовий M5/M6/M7   №25,В наявності,"0,3",20
,,,
Павербанки,,,
,,,
Павербанк 10000 kj-Z23 Білий,Очікуються,7,300
Павербанк 10000 kj-Z23 Чорний,Очікуються,7,300
Павербанк 10000 kj-Z23 Червоний,Очікуються,7,300
Павербанк 10000 kj-215 Білий,В наявності,7,300
Павербанк 10000 kj-215 Чорний,Очікуються,7,300
Павербанк 10000 kj-215 Зелений,Очікуються,7,300
Павербанк 10000 kj-215 Фіолетовий,Очікуються,7,300
Павербанк 10000 kj-z20 Білий,Очікуються,7,300
Павербанк 10000 kj-z20 Чорний,Очікуються,7,300
Павербанк 20000 kj-C20 Білий,Очікуються,11,480
Павербанк 20000 kj-C20 Чорний,Очікуються,11,480
Павербанк 20000 kj-C20 Бузковий,Очікуються,11,480
Павербанк 20000 kj-C20 Рожевий,Очікуються,11,480
Павербанк 30000 C20 Чорний,Очікуються,13,550
Павербанк 30000 C20 Білий,Очікуються,13,550
Павербанк 30000 C20 Рожевий,Очікуються,13,550
Павербанк 30000 C20 Бузьковий,Очікуються,13,550
,,,
Ігрові навушники,,,
,,,
Kotion G2000 Синій,Очікуються,15,650
Kotion G2000 Червоний,В наявності,15,650
Kotion G2000 Помаранчевий,В наявності,15,650
Plextone PC780 Синій,В наявності,11,480
Plextone PC780 Червоний,В наявності,11,480
,,,
Бездротові зарядні,,,
,,,
Бездротове зарядне Fantasy,В наявності,2,100
,,,
Чохли Iphone,,,
,,,
Чохол з мікрофіброю 7Plus/8Plus  Блакитний,Очікуються,,
Чохол з мікрофіброю 7Plus/8Plus  Синій,Очікуються,,
Чохол з мікрофіброю 7Plus/8Plus  Чорний,Очікуються,,
Чохол з мікрофіброю 7Plus/8Plus  Світло-зелений,Очікуються,,
Чохол з мікрофіброю 7Plus/8Plus  Рожевий (пудровий),Очікуються,,
Чохол з мікрофіброю 7Plus/8Plus  Червоний,Очікуються,,
Чохол без мікрофібри 7Plus/8Plus Червоний ,Очікуються,,
Чохол без мікрофібри 7Plus/8Plus  Бордовий,Очікуються,,
Чохол без мікрофібри 7Plus/8Plus Бузковий,Очікуються,,
Чохол без мікрофібри 7Plus/8Plus  Темно-синій,Очікуються,,
Чохол без мікрофібри 7Plus/8Plus  Чорний,Очікуються,,
Чохол без мікрофібри 7Plus/8Plus  Кораловий,Очікуються,,
Чохол без мікрофібри 7Plus/8Plus  Жовтий,Очікуються,,
Чохол без мікрофібри 7Plus/8Plus  Рожево-сірий,Очікуються,,
Чохол без мікрофібри 7Plus/8Plus  Рожевий (пудровий),Очікуються,,
Чохол без мікрофібри 7Plus/8Plus  Білий,Очікуються,,
Чохол без мікрофібри 7Plus/8Plus  Морський,Очікуються,,
Чохол без мікрофібри 7Plus/8Plus  Світло-зелений,Очікуються,,
Чохол без мікрофібри 7Plus/8Plus  Темно-зелений,Очікуються,,
Чохол з мікрофіброю X/Xs  Блакитний,Очікуються,,
Чохол з мікрофіброю X/Xs  Синій,Очікуються,,
Чохол з мікрофіброю X/Xs  Чорний,Очікуються,,
Чохол з мікрофіброю X/Xs  Світло-зелений,Очікуються,,
Чохол з мікрофіброю X/Xs  Рожевий (пудровий),В наявності,,
Чохол з мікрофіброю X/Xs  Червоний,В наявності,,
Чохол без мікрофібри X/Xs  Червоний ,Очікуються,,
Чохол без мікрофібри X/Xs  Бордовий,Очікуються,,
Чохол без мікрофібри X/Xs  Бузковий,Очікуються,,
Чохол без мікрофібри X/Xs  Темно-синій,Очікуються,,
Чохол без мікрофібри X/Xs  Чорний,Очікуються,,
Чохол без мікрофібри X/Xs  Кораловий,Очікуються,,
Чохол без мікрофібри X/Xs  Жовтий,Очікуються,,
Чохол без мікрофібри X/Xs   Рожево-сірий,Очікуються,,
Чохол без мікрофібри X/Xs   Рожевий (пудровий),Очікуються,,
Чохол без мікрофібри X/Xs   Білий,Очікуються,,
Чохол без мікрофібри X/Xs   Морський,Очікуються,,
Чохол без мікрофібри X/Xs   Світло-зелений,Очікуються,,
Чохол без мікрофібри X/Xs   Темно-зелений,Очікуються,,
Чохол з мікрофіброю Xs Max  Блакитний,В наявності,,
Чохол з мікрофіброю Xs Max  Синій,В наявності,,
Чохол з мікрофіброю Xs Max  Чорний,В наявності,,
Чохол з мікрофіброю Xs Max  Світло-зелений,В наявності,,
Чохол з мікрофіброю Xs Max  Рожевий (пудровий),В наявності,,
Чохол з мікрофіброю Xs Max  Червоний,В наявності,,
Чохол без мікрофібри Xs Max  Червоний ,В наявності,,
Чохол без мікрофібри Xs Max  Бордовий,В наявності,,
Чохол без мікрофібри Xs Max  Бузковий,В наявності,,
Чохол без мікрофібри Xs Max  Темно-синій,В наявності,,
Чохол без мікрофібри Xs Max  Чорний,В наявності,,
Чохол без мікрофібри Xs Max  Кораловий,В наявності,,
Чохол без мікрофібри Xs Max  Жовтий,В наявності,,
Чохол без мікрофібри Xs Max  Рожево-сірий,В наявності,,
Чохол без мікрофібри Xs Max  Рожевий (пудровий),В наявності,,
Чохол без мікрофібри Xs Max  Білий,В наявності,,
Чохол без мікрофібри Xs Max  Морський,В наявності,,
Чохол без мікрофібри Xs Max  Світло-зелений,В наявності,,
Чохол без мікрофібри Xs Max  Темно-зелений,В наявності,,
Чохол з мікрофіброю 11  Блакитний,В наявності,,
Чохол з мікрофіброю 11  Синій,В наявності,,
Чохол з мікрофіброю 11  Чорний,В наявності,,
Чохол з мікрофіброю 11  Світло-зелений,В наявності,,
Чохол з мікрофіброю 11  Рожевий (пудровий),В наявності,,
Чохол з мікрофіброю 11  Червоний,В наявності,,
Чохол без мікрофібри 11  Червоний ,В наявності,,
Чохол без мікрофібри 11  Бордовий,В наявності,,
Чохол без мікрофібри 11  Бузковий,В наявності,,
Чохол без мікрофібри 11  Темно-синій,В наявності,,
Чохол без мікрофібри 11   Чорний,В наявності,,
Чохол без мікрофібри 11   Кораловий,В наявності,,
Чохол без мікрофібри 11   Жовтий,В наявності,,
Чохол без мікрофібри 11   Рожево-сірий,В наявності,,
Чохол без мікрофібри 11   Рожевий (пудровий),В наявності,,
Чохол без мікрофібри 11   Білий,В наявності,,
Чохол без мікрофібри 11   Морський,В наявності,,
Чохол без мікрофібри 11   Світло-зелений,В наявності,,
Чохол без мікрофібри 11   Темно-зелений,В наявності,,
Чохол з мікрофіброю 11Pro  Блакитний,В наявності,,
Чохол з мікрофіброю 11Pro  Синій,В наявності,,
Чохол з мікрофіброю 11Pro  Чорний,В наявності,,
Чохол з мікрофіброю 11Pro  Світло-зелений,В наявності,,
Чохол з мікрофіброю 11Pro  Рожевий (пудровий),В наявності,,
Чохол з мікрофіброю 11Pro  Червоний,В наявності,,
Чохол без мікрофібри 11Pro  Червоний ,В наявності,,
Чохол без мікрофібри 11Pro  Бордовий,В наявності,,
Чохол без мікрофібри 11Pro  Бузковий,В наявності,,
Чохол без мікрофібри 11Pro  Темно-синій,В наявності,,
Чохол без мікрофібри 11Pro   Чорний,В наявності,,
Чохол без мікрофібри 11Pro   Кораловий,В наявності,,
Чохол без мікрофібри 11Pro   Жовтий,В наявності,,
Чохол без мікрофібри 11Pro   Рожево-сірий,В наявності,,
Чохол без мікрофібри 11Pro   Рожевий (пудровий),В наявності,,
Чохол без мікрофібри 11Pro   Білий,В наявності,,
Чохол без мікрофібри 11Pro   Морський,В наявності,,
Чохол без мікрофібри 11Pro   Світло-зелений,В наявності,,
Чохол без мікрофібри 11Pro   Темно-зелений,В наявності,,
Чохол з мікрофіброю 11Pro Max  Блакитний,Очікуються,,
Чохол з мікрофіброю 11Pro Max  Синій,Очікуються,,
Чохол з мікрофіброю 11Pro Max  Чорний,Очікуються,,
Чохол з мікрофіброю 11Pro Max  Світло-зелений,Очікуються,,
Чохол з мікрофіброю 11Pro Max  Рожевий (пудровий),В наявності,,
Чохол з мікрофіброю 11Pro Max  Червоний,Очікуються,,
Чохол без мікрофібри 11Pro Max  Червоний ,В наявності,,
Чохол без мікрофібри 11Pro Max  Бордовий,В наявності,,
Чохол без мікрофібри 11Pro Max  Бузковий,В наявності,,
Чохол без мікрофібри 11Pro Max  Темно-синій,В наявності,,
Чохол без мікрофібри 11Pro Max   Чорний,В наявності,,
Чохол без мікрофібри 11Pro Max   Кораловий,В наявності,,
Чохол без мікрофібри 11Pro Max   Жовтий,В наявності,,
Чохол без мікрофібри 11Pro Max   Рожево-сірий,В наявності,,
Чохол без мікрофібри 11Pro Max   Рожевий (пудровий),В наявності,,
Чохол без мікрофібри 11Pro Max   Білий,В наявності,,
Чохол без мікрофібри 11Pro Max   Морський,В наявності,,
Чохол без мікрофібри 11Pro Max   Світло-зелений,В наявності,,
Чохол без мікрофібри 11Pro Max   Темно-зелений,В наявності,,